PatientID,FirstName,LastName,Gender,Mobile,Email,DOB,MaritalStatus
1,Yuvaan,Karpe,Female,+916771222249,samradrishya@example.net,1944-09-21,Married
2,Baiju,Barman,Male,+912163088295,asingh@example.org,1926-05-18,Married
3,Sana,Brar,Female,+912522328834,suhana96@example.com,1921-12-27,Married
4,Stuvan,Ranganathan,Female,+911448267621,yasminsharma@example.net,1998-02-23,Married
5,Myra,Bhavsar,Female,+914818800712,reyanshchopra@example.org,1961-05-15,Married
6,Umang,Aurora,Male,+914266187978,rborde@example.org,1992-04-19,Single
7,Baiju,Dass,Male,+916894180576,parinaazdugar@example.com,1962-01-31,Single
8,Nishith,Kakar,Female,+916430322090,nishith12@example.net,1993-10-12,Divorced
9,Dhruv,Rajagopalan,Male,+916556117381,reyansh89@example.com,1952-06-19,Single
10,Uthkarsh,Dalal,Female,+910768705845,bajajyasmin@example.com,1974-12-21,Single
11,Alisha,Suresh,Female,+918871502233,jayesh69@example.net,2015-07-16,Divorced
12,Badal,Baral,Male,+918785731592,vardaniya17@example.net,1994-06-06,Divorced
13,Devansh,Dar,Male,+911812185944,xkalita@example.com,1937-06-10,Married
14,Vritika,Tailor,Female,+910528886777,ogolla@example.net,1941-06-12,Single
15,Biju,Sekhon,Female,+914597992923,samairahalder@example.net,1947-02-09,Single
16,Anay,Dugar,Female,+915084573525,ssridhar@example.com,1933-05-06,Married
17,Purab,Kala,Male,+911023642171,dishani83@example.com,2003-05-17,Divorced
18,Rhea,Shere,Male,+917632953111,ranbirbobal@example.net,1912-03-25,Single
19,Nitara,Sarkar,Female,+917989053292,bhardwajshalv@example.net,1919-11-07,Married
20,Onkar,Sampath,Female,+915542023613,akarshdugar@example.net,1948-07-01,Divorced
21,Advik,Dube,Male,+910018894590,mwarrior@example.com,2020-09-24,Divorced
22,Akarsh,Devan,Male,+918105961073,vritika19@example.com,1917-04-23,Married
23,Kavya,Baral,Female,+918634692231,pari96@example.net,1967-08-23,Married
24,Nehmat,Ravi,Female,+912730243450,manjari17@example.net,1945-08-24,Single
25,Sumer,Jhaveri,Male,+914156923169,taranthakur@example.com,2005-08-05,Single
26,Nirvaan,Bera,Female,+912987187499,sagarmisha@example.net,1991-07-17,Divorced
27,Khushi,Bail,Female,+912473512133,shethmanikya@example.com,1981-07-12,Married
28,Ela,Chada,Female,+911637364184,ntak@example.org,2004-07-25,Divorced
29,Fateh,Sami,Male,+917160826728,divij40@example.net,1943-05-24,Divorced
30,Azad,Mangat,Male,+911085680152,ebahl@example.net,1962-07-09,Single
31,Siya,Issac,Male,+913786796351,abramsubramanian@example.org,1978-05-21,Divorced
32,Saira,Cherian,Female,+919372937776,ggrover@example.net,2012-06-15,Single
33,Uthkarsh,Sur,Female,+919487378245,hanshsuresh@example.net,1967-07-16,Married
34,Saanvi,Contractor,Male,+916567183325,ehsaansrinivas@example.com,1932-03-14,Divorced
35,Lavanya,Suresh,Male,+914776768582,zsaran@example.org,1925-04-17,Married
36,Rania,Madan,Male,+912967872336,msolanki@example.org,1923-08-28,Married
37,Mamooty,Madan,Female,+914301850608,mehul63@example.org,1958-07-08,Divorced
38,Aarush,Bansal,Female,+916162927622,advikranganathan@example.net,1919-11-09,Divorced
39,Dhruv,Raval,Female,+916214533429,piya85@example.org,1945-04-11,Divorced
40,Madhup,Vala,Female,+912977564722,shethivana@example.net,1982-04-29,Divorced
41,Zain,Garde,Male,+916649122052,inaaya-14@example.org,1953-10-31,Divorced
42,Amani,Bal,Male,+910662184815,sastryelakshi@example.com,2003-01-04,Single
43,Zain,Kala,Female,+911617003704,vbehl@example.net,1939-10-31,Married
44,Shaan,Shanker,Female,+910534958056,parinaaz07@example.org,1941-07-23,Divorced
45,Indrajit,Borah,Male,+916173100243,zbhardwaj@example.org,1908-04-18,Divorced
46,Ela,Walla,Male,+917828892425,krish21@example.com,1920-09-29,Single
47,Nayantara,Ranganathan,Female,+912182762766,mahikaborde@example.net,2008-08-20,Single
48,Krish,Shetty,Male,+918341376158,shaandyal@example.com,1977-04-02,Single
49,Hridaan,Goswami,Female,+910823522682,echoudhry@example.net,2012-04-17,Married
50,Neysa,Dass,Female,+919986247879,hazel53@example.org,1969-07-17,Single
51,Advika,Dani,Female,+917739466178,nirvaan73@example.com,2019-11-13,Divorced
52,Sana,Choudhary,Male,+912937218808,majumdarakarsh@example.org,1958-08-13,Single
53,Yashvi,Chand,Male,+913663174346,samairabir@example.net,1979-08-20,Single
54,Pari,Tank,Male,+912311962880,xmalhotra@example.net,1978-01-15,Married
55,Sumer,Rajagopalan,Male,+911742249546,sara77@example.net,1945-08-07,Divorced
56,Riaan,Raval,Male,+917581471424,reyansh93@example.com,1930-08-22,Divorced
57,Faiyaz,Halder,Male,+913282607593,ivan90@example.net,2002-10-08,Single
58,Manjari,Khatri,Male,+910814298209,tariniiyengar@example.com,1965-08-23,Single
59,Tanya,Wadhwa,Female,+916010775766,kismatkari@example.org,1922-03-19,Single
60,Suhana,Dave,Female,+910717839796,rohan03@example.net,2012-04-08,Married
61,Kiara,Ray,Male,+918212250533,shalvkurian@example.net,1936-08-24,Single
62,Alisha,Sachar,Female,+916897594166,jainjivin@example.net,2022-01-13,Single
63,Raghav,Bansal,Female,+911275296563,zainsagar@example.org,1989-02-12,Married
64,Urvi,Gulati,Male,+915942764054,udeep@example.com,1983-07-03,Single
65,Piya,Tank,Female,+914723016434,krajagopal@example.com,1916-09-10,Divorced
66,Jiya,Mander,Female,+913132966395,nehmat26@example.net,1939-01-20,Single
67,Priyansh,Dass,Male,+919322803427,janishayak@example.org,1951-07-02,Married
68,Urvi,Tandon,Female,+912959554886,zeeshan92@example.org,1927-09-04,Divorced
69,Arhaan,Subramaniam,Male,+916064321989,kiara37@example.net,1921-01-10,Single
70,Indrajit,Dada,Female,+916514874685,ygokhale@example.org,1934-10-11,Divorced
71,Yashvi,Baria,Male,+912788992878,pranayzacharia@example.org,1964-10-27,Divorced
72,Ehsaan,Subramanian,Female,+916631859461,irandhawa@example.net,1921-05-17,Married
73,Sara,Bassi,Female,+918683647258,bshankar@example.com,1916-03-22,Divorced
74,Parinaaz,Soni,Female,+915375889664,devansh29@example.org,1915-03-01,Single
75,Hrishita,Basu,Female,+917290806602,jdate@example.com,1941-05-18,Divorced
76,Ivana,Sethi,Female,+911389676572,trivedikabir@example.net,1998-03-22,Married
77,Vaibhav,Dutta,Male,+913393316476,shayakvyas@example.net,1965-10-07,Divorced
78,Raghav,Lad,Male,+917405791315,hansanvi@example.com,1950-05-10,Single
79,Vardaniya,Yogi,Male,+914697530766,mohanlaldhar@example.com,2010-09-06,Married
80,Stuvan,Magar,Male,+912911998612,tanya64@example.com,1925-11-04,Married
81,Zoya,Batta,Female,+911589603465,taimur83@example.net,1985-06-06,Divorced
82,Suhana,Rana,Female,+913897275550,anahita13@example.net,1910-04-29,Single
83,Sahil,Mander,Male,+912527343170,maharajindranil@example.com,2001-02-07,Married
84,Adira,Balan,Male,+910916217106,zjani@example.com,1943-08-16,Divorced
85,Myra,Sur,Male,+919462272498,riyaseshadri@example.org,1971-01-14,Divorced
86,Rohan,Khare,Female,+911650774809,skhatri@example.net,1951-12-08,Single
87,Divit,Lal,Male,+915716876897,bariavanya@example.org,1952-07-31,Married
88,Oorja,Aggarwal,Female,+913779839522,siyamallick@example.net,1930-10-25,Single
89,Saksham,Tandon,Female,+919036538644,indrajit91@example.org,2004-10-07,Single
90,Shayak,Sem,Male,+915066963741,hirandalal@example.com,1990-09-02,Married
91,Nakul,Das,Female,+912561007695,taranbhakta@example.net,1909-09-09,Single
92,Riya,Kara,Male,+912552315979,aaina97@example.com,2001-09-10,Single
93,Advika,Rajagopalan,Female,+914347767609,ivanbera@example.net,1938-01-06,Single
94,Vihaan,Joshi,Male,+911252784918,nbakshi@example.com,1973-10-30,Divorced
95,Nirvaan,Raja,Male,+914545162365,taran00@example.com,1961-12-03,Married
96,Akarsh,Chaudhary,Female,+917728774810,kapuraayush@example.org,1984-05-02,Divorced
97,Arnav,Yohannan,Female,+915860508441,ssarna@example.com,2006-07-30,Divorced
98,Kanav,Sahni,Female,+919026150885,nitara98@example.net,2018-04-05,Divorced
99,Drishya,Doctor,Male,+916270693210,neelofargara@example.com,1999-02-22,Single
100,Anaya,Deo,Female,+914653038325,sumerbarad@example.com,1931-10-05,Divorced
101,Taran,Dhar,Male,+915627555370,aarav82@example.net,1998-11-09,Married
102,Drishya,Sidhu,Male,+917732801000,zeeshanarora@example.org,1934-03-28,Married
103,Jayesh,Chana,Male,+916124596271,mallickdhruv@example.com,1948-12-21,Married
104,Samar,Choudhary,Female,+917209990392,zainsuri@example.org,2012-10-17,Married
105,Shamik,Mandal,Male,+918322712135,mehul62@example.net,1945-10-19,Single
106,Anika,Sen,Female,+917471822724,jivikachopra@example.com,1978-03-25,Divorced
107,Alisha,Sani,Female,+912547956217,khushihegde@example.com,1952-11-24,Married
108,Anahi,Hegde,Female,+913524827794,anikabajwa@example.com,1911-06-10,Married
109,Dhruv,Kanda,Female,+915757881038,ranbirshukla@example.com,1981-09-02,Married
110,Mishti,Wable,Female,+912603755601,dixitabram@example.org,2020-03-29,Married
111,Pranay,Chacko,Male,+919034566246,zara86@example.com,1942-03-15,Married
112,Sumer,Maharaj,Male,+914703710831,kavyamandal@example.org,1936-03-11,Single
113,Farhan,Datta,Female,+916846388068,neelofarrao@example.com,1947-03-23,Divorced
114,Aniruddh,Subramanian,Female,+913917164851,zoya05@example.org,1948-05-08,Single
115,Pranay,Swamy,Female,+910252684249,devivaibhav@example.net,1955-01-31,Divorced
116,Umang,Sandhu,Female,+918623175849,csachdeva@example.com,1962-05-24,Married
117,Darshit,Subramaniam,Male,+915697542576,keya46@example.org,1926-04-22,Single
118,Baiju,Sahni,Male,+919836984994,xsachdev@example.net,1966-11-04,Single
119,Himmat,Kurian,Male,+911132710936,raghavwagle@example.net,2013-11-29,Divorced
120,Samiha,Dalal,Male,+912509159251,xsom@example.net,1985-01-27,Single
121,Rati,Korpal,Female,+910115930764,mohanlal37@example.com,1977-04-30,Single
122,Misha,Bawa,Female,+918155963532,nishithrege@example.net,1992-03-25,Married
123,Hiran,Hayre,Male,+918006687128,jsrinivasan@example.net,1967-07-11,Divorced
124,Romil,Srinivas,Female,+916453691258,mdave@example.org,1955-10-04,Married
125,Nehmat,Dave,Male,+919835246075,vardaniya93@example.net,2013-09-11,Divorced
126,Samar,Sengupta,Female,+916397347883,mannat80@example.net,2008-08-10,Single
127,Kanav,Atwal,Male,+914242066197,pbail@example.com,1950-01-17,Married
128,Suhana,Johal,Female,+910602289340,kkamdar@example.org,1941-06-19,Married
129,Reyansh,Karan,Male,+916393465134,daliariya@example.org,2014-07-28,Married
130,Seher,Sandal,Female,+918444984242,bathvaibhav@example.net,1966-12-07,Divorced
131,Biju,Singhal,Male,+911875591765,samaira71@example.com,1974-06-09,Divorced
132,Veer,Kashyap,Male,+911103763352,adeol@example.com,1976-01-09,Single
133,Pihu,Ramanathan,Male,+917924344386,sgaba@example.org,1969-08-06,Single
134,Shamik,Ramakrishnan,Female,+913060733920,akrish@example.com,1956-12-03,Single
135,Madhup,Khare,Female,+912769738966,nishithchowdhury@example.com,1923-01-13,Married
136,Mehul,Sura,Male,+917130993544,hansh68@example.org,1984-01-17,Married
137,Kaira,Hayer,Female,+912566026613,routmiraan@example.net,1975-05-07,Single
138,Umang,Roy,Male,+912820459212,jsarna@example.org,1994-07-02,Single
139,Rania,Sachdev,Female,+913728483262,sastryemir@example.org,1948-11-14,Divorced
140,Hridaan,Goda,Male,+910219090973,taranlalla@example.org,1945-05-05,Married
141,Yasmin,Hayre,Female,+915514539588,sankarankhushi@example.com,1922-05-18,Single
142,Pari,Ramanathan,Female,+915823922542,sarnamehul@example.org,1921-09-12,Married
143,Sara,Sani,Male,+910805168746,ahluwaliasumer@example.net,1964-03-26,Single
144,Parinaaz,Manne,Female,+912577042639,edwinnavya@example.net,1986-03-16,Married
145,Nishith,Srinivas,Male,+912033220150,okakar@example.net,2016-09-13,Divorced
146,Indranil,Thaman,Male,+910505944845,hridaanmanne@example.org,2011-01-07,Married
147,Darshit,Sethi,Male,+910662991144,farhankadakia@example.net,1920-05-08,Single
148,Bhavin,Bhandari,Male,+912851371294,trishakar@example.com,1965-09-08,Married
149,Vedika,Vaidya,Male,+910090146618,taimurwason@example.net,1931-01-10,Married
150,Heer,Dutta,Male,+918609669869,vdeshpande@example.com,1954-06-22,Single
151,Mannat,Issac,Male,+917940211435,aaina36@example.net,1930-03-19,Divorced
152,Prisha,Shankar,Male,+915510892928,indranil82@example.org,1920-01-10,Single
153,Riya,Savant,Female,+915175712370,advik25@example.net,1979-12-22,Single
154,Trisha,Mannan,Male,+910966217684,okibe@example.org,1916-03-14,Married
155,Myra,Viswanathan,Female,+911168807900,mbumb@example.net,1911-08-28,Divorced
156,Divij,Wason,Female,+914746011081,chandshamik@example.com,1947-08-08,Single
157,Aaryahi,Bal,Male,+915159869045,inaaya-doctor@example.org,1918-10-01,Single
158,Priyansh,Kapoor,Male,+917520201333,advikseth@example.com,2016-04-19,Married
159,Shalv,Dar,Male,+913595488697,ramaswamydharmajan@example.net,1993-12-16,Single
160,Diya,Varma,Female,+919857042635,zeeshan78@example.com,2003-03-13,Divorced
161,Baiju,Thakkar,Male,+910947615219,umangkannan@example.org,1962-08-24,Divorced
162,Piya,Krishnamurthy,Male,+919578060664,sahabhavin@example.org,1977-07-14,Divorced
163,Ryan,Tara,Male,+915595682574,keyarajagopal@example.org,1937-02-04,Married
164,Darshit,Som,Male,+914210112664,settyindrans@example.org,1932-11-23,Single
165,Damini,Borah,Female,+917186597179,baiju03@example.net,1943-02-03,Single
166,Hunar,Ramachandran,Male,+918853733473,dinvaibhav@example.org,1997-06-18,Married
167,Kiara,Kurian,Female,+913580499556,shayaklanka@example.com,1948-01-09,Married
168,Nirvi,Edwin,Male,+913881477726,wagleeshani@example.org,1912-03-25,Single
169,Anika,Kohli,Female,+917745930636,aarush23@example.com,1967-10-22,Single
170,Manjari,Dua,Female,+915909222983,jhanvi87@example.net,1933-10-07,Single
171,Biju,Venkataraman,Female,+910437386402,nayantaraben@example.com,1947-09-23,Married
172,Eva,Kalita,Female,+919979860491,mehul48@example.com,2003-02-10,Married
173,Raghav,Kara,Female,+915432868340,vaibhavkeer@example.com,1998-06-21,Single
174,Trisha,Kaul,Female,+915099349722,okrishna@example.org,1951-04-16,Married
175,Mannat,Rajagopal,Female,+910274687210,oraju@example.net,1986-12-29,Divorced
176,Lakshay,Loyal,Male,+917588342312,samihamahal@example.org,1988-08-29,Married
177,Romil,Dave,Male,+914162005856,bahriindrajit@example.com,1984-03-05,Married
178,Rhea,Chowdhury,Male,+914400555415,mandalmanjari@example.com,1992-10-27,Married
179,Ivan,Chaudhuri,Female,+916923032584,sahil09@example.org,1964-07-25,Divorced
180,Madhup,Kade,Female,+917740127844,balasubramaniananahita@example.net,1981-04-06,Married
181,Damini,Sama,Male,+919777908924,benishita@example.net,1916-09-27,Single
182,Sahil,Chandran,Male,+910516905604,trisha55@example.net,1968-07-15,Single
183,Jhanvi,Manda,Female,+916334508477,zaina16@example.net,1934-04-11,Single
184,Manjari,Thaker,Female,+912845211394,uvirk@example.net,2016-05-04,Married
185,Nehmat,Khurana,Male,+916034491043,isabharwal@example.org,1913-12-10,Single
186,Miraan,Date,Male,+919258104372,bavadivij@example.org,1996-10-16,Single
187,Rania,Dhar,Female,+913356047347,vohrarhea@example.net,1981-02-11,Divorced
188,Rasha,Doctor,Male,+916383576184,reddytaimur@example.org,1969-04-04,Single
189,Kaira,Khanna,Male,+913356390042,chadhastuvan@example.org,1984-08-23,Married
190,Stuvan,Kari,Male,+911728818702,nirvaansarkar@example.net,1957-01-27,Single
191,Manikya,Ramakrishnan,Female,+911896988639,aaryahiagrawal@example.org,1997-02-03,Single
192,Vedika,Gera,Female,+917940411005,vartyranbir@example.net,1955-04-07,Divorced
193,Samarth,Sunder,Male,+911137135605,biju88@example.net,2007-07-06,Divorced
194,Kartik,Bose,Female,+913874721369,wdugar@example.net,2022-08-17,Single
195,Alisha,Chopra,Male,+917065921175,kimaya62@example.org,1947-01-21,Single
196,Misha,Bhavsar,Female,+910550935908,purab34@example.org,1926-11-25,Married
197,Yasmin,Brahmbhatt,Male,+914250676532,ldalal@example.org,1941-07-22,Married
198,Aaryahi,Rajagopalan,Female,+912630478939,vmander@example.net,1909-10-17,Single
199,Dhanush,Bhatti,Female,+912296921155,jivikacherian@example.com,2000-12-29,Married
200,Divij,Chaudry,Male,+911808381167,mkalla@example.org,2003-12-28,Married
201,Gatik,Ben,Female,+910365907896,kalaaaryahi@example.com,1934-08-20,Single
202,Zeeshan,Venkataraman,Female,+919627200362,wsant@example.org,1986-07-30,Single
203,Zaina,Sehgal,Male,+919915830592,sumervarkey@example.net,2007-11-05,Single
204,Anahi,Borde,Female,+914013760306,jiya14@example.com,1974-05-28,Divorced
205,Kaira,Ramesh,Male,+916773185609,rohan13@example.com,1969-07-12,Married
206,Mehul,Batta,Male,+915511490048,divanfateh@example.net,1968-12-02,Divorced
207,Reyansh,Koshy,Male,+912080682950,nehmatsekhon@example.com,1956-09-04,Divorced
208,Biju,Bansal,Female,+915376113839,divyanshgaba@example.org,2001-03-20,Divorced
209,Nayantara,Dey,Female,+918751955353,shaandatta@example.org,2012-12-07,Married
210,Arnav,Bhardwaj,Female,+910350817959,wkanda@example.org,2019-10-09,Single
211,Vaibhav,Bose,Female,+918715949127,charshayak@example.net,1950-09-21,Divorced
212,Reyansh,Hegde,Female,+919985116214,drishya94@example.net,1925-04-22,Divorced
213,Jiya,Sura,Female,+914992104635,kaleuthkarsh@example.net,1922-05-20,Divorced
214,Reyansh,Comar,Male,+918933283697,mkala@example.org,2004-12-01,Married
215,Nitara,Khosla,Male,+912901153033,arhaan60@example.net,1988-10-06,Single
216,Faiyaz,Mammen,Male,+918321650546,samarthsachar@example.net,2013-05-10,Single
217,Diya,Salvi,Female,+916361877774,hazel53@example.net,2008-03-22,Married
218,Pari,Sem,Female,+918160150823,parinaaz07@example.com,1999-01-11,Divorced
219,Farhan,Kota,Female,+911819536521,rmadan@example.com,1929-05-21,Married
220,Mannat,Korpal,Male,+918226433090,anaya18@example.org,1991-01-15,Married
221,Pihu,Bhardwaj,Male,+912389484212,drishyamani@example.com,1999-01-18,Married
222,Tara,Biswas,Female,+910067494466,zyogi@example.com,1918-04-16,Divorced
223,Zeeshan,Som,Male,+911729416995,indranilsen@example.net,2009-08-21,Single
224,Anahita,Krishnamurthy,Male,+914933559000,pranaymani@example.com,1985-07-21,Married
225,Vaibhav,Sethi,Female,+911053998092,urvi34@example.net,1971-07-04,Single
226,Kartik,Dhingra,Female,+915976219452,kabirkorpal@example.net,1960-06-02,Divorced
227,Uthkarsh,Ramachandran,Male,+916591038765,gardedivyansh@example.com,1993-05-03,Married
228,Renee,Wagle,Male,+916223433469,jsharaf@example.net,1956-09-21,Married
229,Ranbir,Mammen,Female,+918478666025,kadakiahimmat@example.org,1914-07-23,Married
230,Kashvi,Kohli,Male,+917467170318,sarinanahita@example.com,1939-07-24,Married
231,Ojas,Gala,Female,+911949458024,tanyadatta@example.org,1925-02-22,Married
232,Drishya,Ghosh,Male,+912679261594,himmat89@example.org,1993-09-21,Single
233,Samar,Seth,Female,+914142188620,divanhridaan@example.com,1967-11-02,Married
234,Zara,Sampath,Male,+914789855604,ishaanacharya@example.org,2022-08-17,Divorced
235,Dishani,Manne,Male,+914642141543,arhaan48@example.com,1999-10-14,Single
236,Gatik,Soman,Male,+915514591846,rajunakul@example.com,2009-04-25,Married
237,Zeeshan,Sachdeva,Female,+912656855074,lavanyaganguly@example.org,1920-04-08,Divorced
238,Purab,Kanda,Female,+914447517613,nirvidas@example.org,2021-05-28,Single
239,Himmat,Choudhry,Female,+912069717052,gourjayesh@example.org,1921-07-24,Married
240,Hiran,Venkatesh,Male,+912113618600,seminaaya@example.com,2004-03-25,Married
241,Reyansh,Sastry,Female,+916149224654,yakshit61@example.org,2000-01-13,Single
242,Riya,Krishnamurthy,Female,+913660568807,gatik56@example.org,1988-11-14,Single
243,Divij,Bandi,Male,+911446952299,priyanshwagle@example.net,1952-12-24,Divorced
244,Fateh,Krishna,Female,+917160608642,sakshamgupta@example.net,1936-04-28,Single
245,Tejas,Gulati,Female,+915095555242,hridaan77@example.org,1925-03-27,Single
246,Shray,Viswanathan,Male,+916719345065,lakshay72@example.com,1998-04-28,Divorced
247,Jhanvi,Zachariah,Female,+911493705364,aliavig@example.org,1964-12-20,Married
248,Ela,Chaudhari,Female,+914452519200,ravianahi@example.net,1942-10-14,Married
249,Taran,Johal,Female,+913196408731,eladyal@example.com,1948-10-03,Married
250,Indranil,Chaudhuri,Female,+919029043563,hridaan04@example.org,1954-06-05,Single
251,Pihu,Walla,Male,+916147914523,sabharwaltrisha@example.net,1998-11-24,Married
252,Khushi,Khurana,Female,+918862826148,gokhalepranay@example.org,1975-09-10,Married
253,Hridaan,Virk,Male,+917491163983,khushi83@example.org,1946-08-12,Married
254,Nirvi,Wali,Male,+910811694629,xsachar@example.com,1921-06-21,Divorced
255,Saksham,Bobal,Female,+915593687099,vardaniyadate@example.com,1917-03-01,Divorced
256,Sara,Soman,Male,+911151702447,dharlagan@example.org,1994-08-31,Single
257,Himmat,Shah,Female,+917434733133,bchakrabarti@example.org,1982-07-29,Married
258,Dishani,Bali,Male,+912632870096,eshetty@example.net,2010-05-27,Divorced
259,Lakshay,Gaba,Female,+913931462491,armaan16@example.com,2006-11-06,Single
260,Ranbir,Tandon,Male,+912659453482,neysamammen@example.com,1971-06-14,Single
261,Veer,Koshy,Male,+915640160323,jiya54@example.org,1933-07-20,Divorced
262,Pihu,Wason,Male,+911771192782,tchaudhary@example.net,1996-09-16,Married
263,Diya,Sabharwal,Female,+911498439974,lakshay98@example.net,1978-09-01,Single
264,Elakshi,Bawa,Male,+914603037685,pkala@example.net,1997-07-22,Married
265,Myra,Tak,Male,+912566816429,himmatmall@example.com,1966-09-06,Married
266,Shamik,Singh,Male,+918820501507,behlaarna@example.com,1962-05-18,Divorced
267,Madhup,Dora,Male,+917535377297,baradmyra@example.org,1995-04-18,Divorced
268,Vivaan,Wali,Female,+914713598801,edeol@example.com,1962-10-12,Divorced
269,Mamooty,Venkatesh,Female,+917795944920,hrishitasarna@example.com,2012-10-13,Divorced
270,Samarth,Buch,Male,+913025836157,sharafaradhya@example.net,1961-03-10,Married
271,Zaina,Ray,Male,+912643921837,rohankala@example.net,1957-04-03,Single
272,Sumer,Joshi,Male,+917396977308,badalandra@example.org,1999-10-08,Single
273,Nayantara,Date,Male,+910189826325,gokul71@example.com,1976-07-07,Married
274,Rohan,Kala,Male,+918856800282,wlalla@example.com,1928-01-28,Divorced
275,Zain,Borah,Male,+916269556179,sumerbandi@example.com,1961-02-10,Divorced
276,Suhana,Sood,Male,+917820783344,ldeep@example.com,2010-06-11,Divorced
277,Azad,Master,Female,+919309200706,vihaanwarrior@example.net,1941-12-10,Single
278,Drishya,Sandal,Female,+910127739629,trishavala@example.com,2004-10-22,Single
279,Nishith,Wagle,Male,+917792824863,armaan68@example.com,2003-01-19,Married
280,Samarth,Rege,Male,+914110748777,badamikaira@example.net,2022-08-24,Married
281,Adah,Jaggi,Female,+919882545379,swamyishaan@example.net,1979-03-08,Married
282,Jayant,Mane,Female,+919858264684,arhaan99@example.com,1987-09-21,Single
283,Yuvaan,Seshadri,Male,+915626602173,raghavjhaveri@example.net,2006-03-18,Single
284,Charvi,Ahluwalia,Male,+916828561299,raunak05@example.com,1950-04-09,Divorced
285,Kartik,Sen,Male,+911870192656,bavastuvan@example.com,1982-06-04,Divorced
286,Chirag,Deshmukh,Male,+918611550740,pihusethi@example.com,2015-04-23,Married
287,Lagan,Kaul,Male,+919608678649,gokul12@example.org,1993-08-01,Divorced
288,Sahil,Ratta,Male,+916815493712,dishanibalan@example.com,1914-10-25,Single
289,Anahi,Batta,Male,+911355025621,ehayre@example.com,1970-08-26,Divorced
290,Eshani,Sem,Female,+911315366082,dishanikibe@example.org,1913-12-06,Single
291,Faiyaz,Sami,Male,+910276694495,cseth@example.com,1970-05-01,Divorced
292,Navya,Chanda,Female,+912341454523,pihulall@example.net,1981-02-05,Divorced
293,Gokul,Bhatti,Male,+919737987759,shamik87@example.com,2023-01-12,Married
294,Baiju,Bhagat,Male,+913144861167,sumersehgal@example.net,1973-11-27,Single
295,Jivika,Singhal,Male,+914113971105,ganesannayantara@example.net,1936-11-24,Married
296,Biju,Dasgupta,Male,+918351955959,romiltandon@example.net,1970-03-21,Married
297,Ehsaan,Dhar,Female,+913774933438,osetty@example.net,1930-12-23,Married
298,Damini,Badal,Female,+916565158848,aniruddh58@example.org,1986-08-30,Single
299,Aaina,Bora,Female,+911192862095,gokul71@example.org,1911-06-13,Single
300,Yuvaan,Magar,Female,+915481165654,azad55@example.net,1921-03-28,Divorced
301,Neelofar,Kapur,Male,+913449003804,vissac@example.org,1933-06-08,Married
302,Miraya,Kakar,Female,+914321446037,diyaraval@example.org,1939-03-30,Divorced
303,Manjari,Bandi,Male,+913505348302,cborra@example.net,1944-01-05,Single
304,Indranil,Soman,Female,+917563027236,rheakara@example.org,1987-12-25,Married
305,Hridaan,Jaggi,Female,+916111118082,riaanrout@example.org,1993-04-29,Divorced
306,Amira,Cherian,Male,+918481461587,ganeshahana@example.com,1970-12-19,Divorced
307,Ryan,Manne,Male,+918741278735,raushray@example.net,2002-04-28,Divorced
308,Arhaan,Hayer,Female,+915193103164,katapurab@example.net,1990-09-17,Married
309,Hiran,Sodhi,Male,+919756231216,battakiaan@example.net,2018-08-20,Married
310,Riaan,Bawa,Female,+914323849029,chaudharyindrajit@example.org,1958-03-07,Single
311,Vivaan,Sastry,Female,+911639419505,himmat30@example.org,1972-11-25,Single
312,Himmat,Dasgupta,Male,+912953924515,itella@example.com,1972-09-13,Married
313,Zoya,Aggarwal,Male,+919714815304,qkohli@example.net,2014-08-01,Single
314,Diya,Shetty,Female,+915642119231,daminiramaswamy@example.org,1989-05-17,Married
315,Veer,Goel,Female,+919894348481,uvig@example.net,1938-10-15,Divorced
316,Indranil,Mannan,Male,+916811885062,ehsaanchand@example.net,1965-10-03,Single
317,Pranay,Saini,Female,+917338364195,diya17@example.org,1991-05-12,Single
318,Saira,Gokhale,Female,+913467637182,amani28@example.org,1983-03-11,Divorced
319,Mehul,Buch,Male,+915601574511,ogill@example.org,1974-12-22,Single
320,Amira,Sani,Female,+916571296002,arhaanbail@example.net,2002-11-06,Divorced
321,Heer,Rama,Female,+913363705977,ira64@example.net,1954-11-10,Married
322,Reyansh,Kata,Female,+913735967100,samarbansal@example.org,1911-01-10,Married
323,"Ahana ",Batta,Male,+911444070199,jivika24@example.org,1958-02-19,Single
324,Ayesha,Deshmukh,Female,+912388771932,usangha@example.org,1925-07-22,Married
325,Vihaan,Goyal,Female,+911555085725,vardaniya94@example.org,1996-10-14,Single
326,Hrishita,Luthra,Female,+919583702413,chahalrenee@example.com,1941-07-10,Married
327,Prisha,Dey,Female,+913059065324,lchowdhury@example.net,1928-02-12,Married
328,Gatik,Doshi,Female,+910883767807,gokulchahal@example.net,1976-09-21,Single
329,Tushar,Sarma,Female,+913744042165,odevi@example.org,1982-09-30,Divorced
330,Vivaan,Choudhry,Male,+916385122923,drishya80@example.net,1908-08-16,Married
331,Eva,Dugar,Male,+918916565276,lavanya31@example.net,1926-11-26,Married
332,Aradhya,Chatterjee,Male,+912995434910,rohandada@example.net,1986-07-16,Single
333,Eva,Tailor,Male,+919216019314,ishaangarg@example.com,1922-09-06,Single
334,Vivaan,Kapur,Male,+915696778166,dayaluthkarsh@example.org,1996-04-12,Married
335,Lakshit,Madan,Female,+910468836432,lagrawal@example.net,2002-07-24,Single
336,Gatik,Lad,Female,+910815368370,xborde@example.com,1921-12-06,Married
337,Trisha,Keer,Male,+912815393083,kotharidhruv@example.com,1980-08-16,Divorced
338,Zeeshan,Apte,Male,+918967899484,reddyvihaan@example.net,1971-12-21,Married
339,Tushar,Agarwal,Male,+910970393344,daslavanya@example.org,1955-03-29,Divorced
340,Armaan,Chhabra,Female,+917000829894,kanav05@example.org,1989-01-01,Married
341,Aniruddh,Garde,Female,+912240248431,inaaya-wali@example.net,1929-11-21,Married
342,Nitara,Ahluwalia,Male,+914865738437,farhandatta@example.net,2012-11-21,Divorced
343,Shalv,Swamy,Male,+912873336264,anaysundaram@example.net,1940-03-29,Married
344,Shamik,Sengupta,Male,+913877410764,iagarwal@example.com,2001-08-31,Divorced
345,Dhanuk,Babu,Female,+913742771469,lagan81@example.com,1983-07-28,Married
346,Dharmajan,Choudhary,Male,+912450519988,regerasha@example.org,2011-05-07,Single
347,Shray,Lad,Female,+919366465499,kaggarwal@example.org,1915-11-13,Married
348,Hrishita,Atwal,Male,+918548682098,nakul37@example.com,1992-01-10,Married
349,Trisha,Swamy,Male,+913687857247,zara35@example.net,1951-04-12,Married
350,Armaan,Ganesan,Female,+919649243717,lrandhawa@example.com,1934-04-14,Single
351,Manjari,Dalal,Male,+911662445862,varmavidur@example.com,1967-05-18,Single
352,Nirvi,Chand,Female,+912766669982,atwalanaya@example.org,1951-01-16,Divorced
353,Ivan,Gulati,Female,+913608237728,ganeshjayant@example.net,1942-06-05,Married
354,Bhavin,Gill,Male,+915438988638,advik56@example.org,1959-09-11,Divorced
355,Samar,Sagar,Male,+910627070200,suhana51@example.net,1926-07-10,Single
356,Aarav,Gera,Male,+914942780626,divijsarkar@example.org,1978-10-21,Single
357,Kiara,Walla,Male,+914533128901,ibora@example.com,1923-03-11,Single
358,Anvi,Bains,Female,+914701571431,anika16@example.org,2021-11-04,Married
359,Umang,D’Alia,Male,+914949689372,alia31@example.com,1987-12-04,Single
360,Riaan,Dutta,Female,+916195668761,zara38@example.com,1957-11-04,Divorced
361,Umang,Agate,Male,+918185484945,shray77@example.com,1969-10-21,Single
362,"Yuvraj ",Dave,Female,+914730820010,sanisiya@example.net,1979-11-06,Married
363,Amira,Srinivas,Male,+919304894644,ayogi@example.net,1977-12-30,Single
364,Jhanvi,Yadav,Female,+911186413957,iahuja@example.org,1996-11-03,Married
365,Chirag,Banerjee,Male,+910205063501,samar08@example.com,1979-04-02,Married
366,Ranbir,Gaba,Female,+917651587786,sawhneyurvi@example.net,1927-10-23,Married
367,Lagan,Dubey,Female,+917213180274,yashvi68@example.com,1924-02-08,Married
368,Samarth,Vyas,Female,+912920284016,surfaiyaz@example.org,1994-05-16,Married
369,Anahita,Hans,Female,+915829288488,ramachandrananahi@example.org,2012-11-04,Married
370,Tara,Anand,Male,+918746155214,davenayantara@example.com,1969-11-29,Divorced
371,"Yuvraj ",Bhandari,Male,+919349138043,oshukla@example.com,1944-11-04,Single
372,Lakshit,Barad,Male,+917795225964,lsavant@example.com,1965-08-15,Divorced
373,Aarna,Soman,Female,+913483109536,sahilarya@example.com,1940-01-25,Divorced
374,Miraya,Vig,Female,+911275554268,prishagour@example.com,1983-10-12,Married
375,Nishith,Wagle,Female,+917169764640,saksham43@example.org,2021-03-31,Single
376,Aarush,Balan,Female,+910580320166,charvi31@example.net,1923-05-22,Married
377,Keya,Shanker,Male,+919038296639,lalldhanuk@example.org,1912-01-15,Single
378,Misha,Soman,Male,+919279023993,amagar@example.org,1957-12-24,Single
379,Divit,Agate,Female,+918104784712,karanelakshi@example.org,1958-12-25,Single
380,Umang,Mann,Female,+919905809999,gilleshani@example.com,2010-05-25,Divorced
381,Indrans,Kanda,Male,+917382833546,jkade@example.org,1937-05-18,Divorced
382,Vaibhav,Konda,Male,+918337282437,vbera@example.com,1936-03-28,Married
383,Tejas,Shankar,Female,+918439475008,divit08@example.com,1960-07-16,Divorced
384,Kartik,Manne,Male,+913416746588,urvi98@example.com,1937-03-30,Married
385,Dhanuk,Kamdar,Female,+917506088538,kalagokul@example.org,1968-06-14,Divorced
386,Samaira,Bhasin,Male,+910321186358,tarini29@example.com,1917-06-08,Married
387,Dhanuk,Dubey,Female,+919304278095,qswamy@example.com,2015-10-29,Single
388,Yakshit,Jhaveri,Female,+914331194478,urvibrahmbhatt@example.net,1918-08-31,Single
389,Adah,Srivastava,Female,+911025775098,kashvivarghese@example.org,1966-10-28,Married
390,Indrans,Kumer,Male,+910822530579,ratichaudhry@example.com,2011-01-24,Married
391,Ojas,Char,Male,+919530417061,jiyachanda@example.org,1989-07-11,Divorced
392,Gokul,Vig,Female,+912820057058,amandal@example.net,1942-08-21,Divorced
393,"Yuvraj ",Ratta,Female,+918788914220,hsrinivasan@example.com,2006-08-11,Single
394,Shaan,Sankaran,Male,+910467228021,charvimallick@example.org,1908-06-22,Married
395,Hansh,Taneja,Male,+910350959144,riaan40@example.org,1962-03-13,Married
396,Gokul,Mammen,Female,+913522065431,zaramane@example.net,1995-02-13,Married
397,Damini,Shetty,Female,+918385540017,jayesh47@example.net,1926-12-22,Divorced
398,Baiju,Deep,Female,+916139614826,abram38@example.net,1980-04-17,Divorced
399,Indrajit,Dube,Female,+915111356682,kmani@example.com,1999-02-11,Divorced
400,Uthkarsh,Mammen,Female,+917067810800,preraktaneja@example.net,2023-06-18,Single
401,Darshit,Tata,Female,+912156947463,surpranay@example.org,1940-06-24,Single
402,Kiaan,Kohli,Male,+919575228556,nirvaanjoshi@example.org,2002-09-22,Single
403,Yashvi,Kalla,Male,+919542783636,ahana-65@example.org,2019-12-25,Divorced
404,Adira,Tella,Male,+911819704825,seshadriumang@example.com,1952-05-18,Single
405,Sara,Bora,Male,+915626843815,rajkimaya@example.net,2000-01-20,Married
406,Kabir,Mahal,Female,+911541099949,priyanshchad@example.com,1974-11-12,Divorced
407,Trisha,Karpe,Female,+919398828803,cdass@example.net,2009-05-22,Single
408,Devansh,Ghose,Male,+913298761879,nkohli@example.net,1938-12-29,Married
409,Ehsaan,Sidhu,Male,+912222620373,tsagar@example.com,1978-01-16,Divorced
410,Rhea,Kant,Male,+911357748026,amblemahika@example.org,1979-07-17,Single
411,Eshani,Korpal,Female,+912029604496,kakarindranil@example.com,1932-10-15,Divorced
412,Nishith,Sen,Female,+915825461768,anaya43@example.org,2012-11-27,Single
413,Ishaan,Dash,Male,+917065666275,bmaster@example.com,1920-03-06,Single
414,Saira,Soman,Male,+919643352083,riyakeer@example.com,1943-07-31,Divorced
415,Neelofar,Seth,Male,+918646272632,jyohannan@example.org,1988-02-15,Divorced
416,Krish,Ghose,Male,+913260388799,ramanshamik@example.com,1974-09-14,Single
417,Anahita,Badal,Female,+910842619271,azadbandi@example.org,1971-08-04,Single
418,Dharmajan,Kaur,Female,+915470403233,nayantaradyal@example.com,1936-11-13,Divorced
419,Vanya,Vig,Female,+919316642399,kabir85@example.com,2000-12-26,Married
420,Lavanya,Bhatt,Male,+916704329726,lakshay16@example.org,1982-10-22,Married
421,Dhanush,Golla,Female,+912291807583,chokshikiaan@example.com,1979-09-21,Single
422,Hunar,Bakshi,Male,+914552561238,aaryahirajagopalan@example.com,1915-08-03,Married
423,Indrajit,Bawa,Male,+913615147198,misha51@example.com,2011-01-25,Divorced
424,Rhea,Kale,Female,+916950958883,samar12@example.net,2018-05-21,Divorced
425,Jiya,Baria,Female,+916528612338,sachdevakeya@example.net,1963-11-06,Divorced
426,Chirag,Mammen,Female,+916710089616,ahana-yogi@example.com,1998-07-16,Divorced
427,Aaryahi,Tiwari,Male,+919755921765,zmagar@example.org,1980-03-17,Single
428,Shaan,Sarraf,Male,+912728003772,shalv05@example.com,1986-09-12,Divorced
429,Indrans,Srinivasan,Female,+913728693093,baijumanda@example.net,2010-02-12,Single
430,Ishita,Babu,Male,+916507815607,riaan86@example.com,1945-05-19,Married
431,Ojas,Ganesh,Male,+911800112580,amani29@example.org,1963-08-12,Married
432,Nitya,Raja,Female,+912359490059,taimurlalla@example.com,1960-03-09,Married
433,Ayesha,Grover,Female,+914689644384,bhatianitya@example.com,1976-06-22,Divorced
434,Bhavin,Anand,Female,+916145157329,gbasak@example.net,1981-03-08,Single
435,Advika,Gill,Male,+915154936670,vivaanbarad@example.net,2003-01-21,Married
436,Vidur,Bhalla,Female,+917471277036,dugalkaira@example.org,1993-09-02,Divorced
437,Divit,Gulati,Female,+913457444146,himmat67@example.org,1921-12-27,Married
438,Aarna,Kumer,Female,+910358034687,ddutt@example.com,1925-09-22,Single
439,Faiyaz,Bera,Male,+912640787252,vanyaramaswamy@example.net,1910-10-09,Single
440,Umang,Ramanathan,Male,+915418389667,karpelagan@example.org,1991-03-12,Single
441,Onkar,Grewal,Male,+919923827613,bedikabir@example.net,1979-03-17,Divorced
442,Vedika,Basu,Male,+910787815965,esankaran@example.com,1972-06-29,Divorced
443,Priyansh,Dhar,Female,+919207558810,isarkar@example.net,1948-09-09,Married
444,Vedika,Barad,Male,+916799559168,arhaanchaudhari@example.org,2019-04-01,Divorced
445,Mahika,Datta,Male,+919638150070,karitanya@example.org,1970-09-01,Married
446,Vardaniya,Gokhale,Female,+918581348472,datesaanvi@example.com,1996-04-26,Single
447,Purab,Garg,Male,+912646608448,dhruv08@example.com,1978-03-01,Single
448,Shalv,Randhawa,Female,+919571366891,ubansal@example.net,2023-04-04,Single
449,Lakshit,Ramesh,Female,+912033647016,dbhatia@example.org,1991-09-30,Single
450,Suhana,Sethi,Female,+910068560258,raniachaudhuri@example.com,1997-07-24,Married
451,Anay,Rajagopalan,Male,+918314583628,navyasahni@example.net,1986-04-02,Divorced
452,Umang,Sachdev,Female,+919772844133,nityadevan@example.org,1908-08-22,Married
453,Ojas,Dutta,Male,+913171856781,sentarini@example.org,1911-03-15,Divorced
454,Sana,Manne,Female,+912051287106,sarkardhruv@example.com,1963-03-03,Married
455,Vritika,Dutt,Female,+918438552094,kairaarya@example.com,1918-07-03,Single
456,Abram,Tandon,Male,+916232245401,veer97@example.net,1978-09-06,Single
457,Zoya,Kothari,Female,+917918966456,saanvidugar@example.net,1917-09-09,Married
458,Saanvi,Kapoor,Female,+911265404771,rsom@example.com,2003-07-30,Divorced
459,Samar,Yogi,Female,+915649388161,yohannanromil@example.net,1937-05-09,Single
460,Ishita,Dora,Male,+917848744759,lgour@example.org,2002-04-11,Divorced
461,Seher,Dugar,Female,+913802829175,khatriinaaya@example.org,1965-11-12,Divorced
462,Onkar,Hari,Female,+919903030666,miraan18@example.com,1916-03-29,Divorced
463,Fateh,Goswami,Male,+916834830681,birkartik@example.net,1998-08-15,Single
464,Purab,Rout,Female,+918230501826,daminibal@example.org,1973-10-10,Divorced
465,Amani,Das,Female,+914423958092,samarvyas@example.com,1993-12-06,Single
466,Romil,Batta,Female,+917238247506,alia10@example.net,1983-05-29,Single
467,Ela,Kumer,Male,+912451507032,berazeeshan@example.net,1968-06-01,Divorced
468,Neysa,Sinha,Male,+919574624197,khalsacharvi@example.net,1933-12-05,Single
469,Nayantara,Rajagopal,Male,+918709875900,ehsaanhayre@example.com,1921-03-18,Married
470,Elakshi,Kashyap,Male,+919969195630,vartyreyansh@example.com,2012-09-10,Single
471,Tanya,Ganguly,Male,+912106168355,hrege@example.net,1954-02-10,Single
472,Chirag,Subramanian,Female,+915559109954,adira65@example.com,2017-01-08,Single
473,Uthkarsh,Raj,Male,+914280673987,khushichakrabarti@example.com,1972-08-30,Married
474,Hrishita,Cheema,Female,+919579773124,wbhagat@example.net,1999-02-14,Divorced
475,Riaan,Sani,Male,+916316776476,gollahimmat@example.org,1931-12-01,Divorced
476,Aarav,Johal,Male,+913997439523,tsami@example.net,1914-08-25,Single
477,Tushar,Upadhyay,Male,+913798303769,ykarpe@example.com,1927-11-19,Single
478,Jiya,Tara,Female,+911285377354,sethiakarsh@example.net,1983-07-22,Married
479,"Ahana ",Dhawan,Female,+915339209486,ahana-26@example.org,1933-04-02,Married
480,Kaira,Srinivasan,Female,+916801520134,venkateshadvik@example.org,2001-04-27,Married
481,Myra,Kakar,Male,+914198320427,qbath@example.net,1998-01-06,Married
482,Advika,Sem,Male,+915762201885,dixitahana@example.org,1921-11-07,Married
483,Anya,Savant,Male,+914730942405,yuvraj-66@example.com,1907-12-17,Married
484,Misha,Sen,Female,+917244310259,madhupwadhwa@example.com,1985-10-27,Divorced
485,Divij,Raman,Male,+918371778441,dhruv51@example.com,1995-05-19,Divorced
486,Dhanush,Baral,Female,+913305838919,bhattmohanlal@example.org,1944-05-15,Married
487,Amani,Bansal,Female,+913068445792,biswasmahika@example.org,1913-02-07,Married
488,Myra,Dass,Male,+910010588207,chackoyuvaan@example.com,1995-03-15,Married
489,Riaan,Master,Male,+913374161620,pgrover@example.org,1920-03-06,Divorced
490,Hazel,Sidhu,Male,+919918358419,anikaedwin@example.org,1995-02-17,Married
491,Pranay,Choudhury,Male,+918453208799,taraeva@example.net,2008-07-09,Married
492,Eva,Sunder,Female,+915207868725,damini98@example.com,1955-08-24,Married
493,Nishith,Deshpande,Male,+918067293704,dasguptazoya@example.org,2009-04-21,Divorced
494,Kashvi,Toor,Male,+914467528561,mannat87@example.net,1921-10-02,Married
495,Priyansh,Amble,Male,+917780620808,zsaran@example.com,2015-04-04,Single
496,Jiya,Tailor,Female,+919461401754,lankamishti@example.org,1956-07-29,Single
497,Nayantara,Sinha,Male,+915301932529,isani@example.org,2018-04-06,Single
498,Krish,Tata,Male,+916738197804,yasminkhare@example.net,1970-09-24,Divorced
499,Samiha,Shere,Female,+911831756338,jthakkar@example.org,1958-11-29,Single
500,Himmat,Kohli,Female,+919655940413,kbatta@example.com,1993-10-06,Divorced
501,Eshani,Deep,Female,+913809498094,gdugal@example.net,1915-02-03,Divorced
502,Vanya,Yogi,Male,+915692355451,aarushsha@example.net,1926-11-06,Single
503,Siya,Chadha,Male,+919326240431,nehmat55@example.org,1985-03-20,Single
504,Madhav,Sehgal,Male,+917566993450,sehersheth@example.net,1935-08-14,Divorced
505,Abram,Khatri,Female,+915304201245,ishaanmagar@example.com,1928-06-23,Divorced
506,Tushar,Walla,Male,+912924607547,arhaansoni@example.net,2012-11-20,Single
507,Vaibhav,Ramanathan,Male,+912072631661,ibassi@example.org,1970-06-09,Married
508,Adira,Mani,Female,+919869962151,anika48@example.com,1925-02-07,Single
509,Oorja,Barad,Female,+912190796225,balayvanya@example.com,1977-01-19,Married
510,Shayak,Chaudhari,Female,+912098565097,chaudharyinaaya@example.org,1920-01-12,Divorced
511,Samiha,Goda,Female,+919686298486,karpevihaan@example.com,1919-12-06,Married
512,Tiya,Mammen,Male,+911635505374,ttata@example.org,1911-07-30,Married
513,Divit,Dhillon,Male,+917475289787,baildishani@example.com,1980-06-29,Divorced
514,Shalv,Jhaveri,Female,+917112967993,tellaraghav@example.net,1935-03-29,Married
515,Ira,Dyal,Female,+914032081681,qbrar@example.net,1985-06-28,Single
516,Indrans,Issac,Female,+910206930908,aradhyagopal@example.com,2020-02-26,Single
517,Amira,Basak,Male,+916981014235,sundaramkrish@example.org,1959-04-22,Married
518,Neysa,Sheth,Female,+911073680187,mohanlal96@example.com,2023-06-19,Married
519,Jayesh,Chada,Female,+913050848160,thakermanjari@example.com,1917-08-21,Divorced
520,Nayantara,Ranganathan,Male,+919302376390,shethmisha@example.com,1950-04-28,Married
521,Misha,Sastry,Male,+916302989438,dhanuk29@example.net,1972-08-09,Married
522,Mannat,Gopal,Female,+915175541133,kairarajan@example.net,1935-11-28,Married
523,Faiyaz,Dada,Female,+918148753422,lborah@example.net,1970-12-28,Single
524,Damini,Badami,Male,+916832533056,wsawhney@example.com,1932-12-07,Divorced
525,Indrajit,Brahmbhatt,Female,+915505786296,pdayal@example.org,1911-02-15,Married
526,Tushar,D’Alia,Male,+914781234896,hrishitatak@example.net,1947-06-04,Single
527,Yakshit,Gopal,Male,+912922503844,anikatalwar@example.net,1959-10-03,Divorced
528,Ira,Suri,Male,+913879137596,tdubey@example.com,1943-11-02,Single
529,Nirvi,Bail,Female,+912723610647,riaan90@example.net,1960-11-22,Single
530,Fateh,Viswanathan,Female,+912911408110,damini42@example.com,1918-04-23,Divorced
531,Adira,Arora,Female,+911850982124,mandertrisha@example.net,1928-10-08,Married
532,Nakul,Devan,Female,+916167952245,barmanonkar@example.net,2019-04-29,Divorced
533,Shray,Hora,Female,+912847493406,suhana62@example.net,1959-08-31,Single
534,Kavya,Balasubramanian,Female,+913494822775,hmallick@example.com,1953-09-14,Divorced
535,Sahil,Loyal,Female,+918290671857,shray45@example.net,1970-12-24,Single
536,Mohanlal,Chaudhary,Female,+915915401344,manikya16@example.org,1977-04-15,Married
537,"Ahana ",Jani,Female,+919890437211,akaran@example.com,1912-07-08,Married
538,Anaya,Sachdev,Male,+916314437220,samar55@example.com,1961-07-27,Married
539,Faiyaz,Sankaran,Female,+917564598280,ithaker@example.com,1933-06-18,Single
540,Veer,Konda,Female,+913842552713,kavyakrish@example.net,1959-12-16,Divorced
541,Jivika,Bahri,Male,+911707804344,bmann@example.com,1996-10-07,Divorced
542,Advik,Iyer,Female,+919988531262,khuranatiya@example.org,1939-05-10,Divorced
543,Tara,Raj,Female,+914678167422,xtailor@example.net,2009-11-23,Divorced
544,Myra,Divan,Female,+910288011547,qghose@example.org,1942-04-04,Divorced
545,Dhruv,Arora,Male,+919824728492,manikya53@example.org,1942-11-17,Divorced
546,Prisha,Kamdar,Female,+914697635762,zainmander@example.org,1965-03-17,Divorced
547,Urvi,Varughese,Male,+915624440671,bhatiariaan@example.net,2012-12-24,Married
548,Aniruddh,Borde,Female,+910903286874,mohanlal59@example.net,1910-06-26,Divorced
549,Misha,Wagle,Male,+911066206402,esekhon@example.net,2001-07-27,Married
550,Mishti,Sama,Female,+919323939856,anya19@example.org,1926-02-24,Single
551,Taimur,Das,Female,+913061672358,indranschar@example.net,1945-07-01,Married
552,Prerak,Seth,Male,+910625992508,daskiara@example.com,1936-12-25,Divorced
553,Miraya,Rajan,Female,+913928546419,uramachandran@example.net,1983-06-15,Divorced
554,Lavanya,Wali,Female,+917686663461,kiaragupta@example.com,1972-01-14,Divorced
555,Vihaan,Toor,Female,+915101007209,chadhaishita@example.org,1961-09-13,Married
556,Shlok,Saxena,Female,+916839609863,ukakar@example.com,2017-06-23,Single
557,Adira,Bhatnagar,Female,+914790543975,devanshshanker@example.org,1955-07-22,Married
558,Tejas,Kunda,Male,+910029027725,jbora@example.net,1913-06-02,Single
559,Vidur,Bera,Male,+911592609470,piya23@example.net,1917-08-31,Single
560,Kimaya,Bassi,Male,+918113559539,bawaparinaaz@example.org,2022-03-31,Divorced
561,Shlok,Sankaran,Female,+917515952231,nehmat51@example.com,1968-05-05,Single
562,Nayantara,Raval,Male,+914533850794,anvi19@example.net,1982-03-22,Divorced
563,Yashvi,Walia,Female,+913884765045,ayesharana@example.net,1994-01-24,Divorced
564,Yakshit,Ahluwalia,Female,+913034512196,dubeykavya@example.org,1977-06-16,Single
565,Bhamini,Choudhry,Male,+913321972442,vganguly@example.com,1966-02-27,Married
566,Shray,Babu,Male,+913423295990,taimur20@example.net,1973-08-04,Married
567,Dhanuk,Toor,Male,+915010393041,riaan23@example.com,1933-07-17,Single
568,Shayak,Bhavsar,Female,+915999057719,baltara@example.net,1949-01-23,Married
569,Hansh,Gaba,Male,+918616717832,mahika29@example.org,1922-06-06,Single
570,Trisha,Vala,Female,+918261098572,urvikapoor@example.org,1963-11-14,Single
571,Rhea,Yadav,Male,+918927376353,drishyasandal@example.org,1944-11-16,Married
572,Saksham,Amble,Female,+916932142948,choudhrysaksham@example.com,1926-07-18,Single
573,Divit,Ben,Male,+912010525197,ayesha09@example.net,1921-06-22,Married
574,Romil,Kade,Female,+912679418416,adirakeer@example.org,1914-02-25,Divorced
575,Kavya,Batra,Female,+916588652990,bhatnagarnakul@example.org,1984-11-23,Divorced
576,Aradhya,Rajan,Female,+915263098071,raviivan@example.net,1966-12-10,Married
577,Chirag,Sahota,Male,+915169037850,gollalagan@example.com,2012-11-13,Single
578,Manjari,Borde,Female,+919477142149,varmakashvi@example.com,1943-11-08,Married
579,Raghav,Contractor,Male,+910394114962,kiara37@example.org,2019-08-11,Married
580,Biju,Sarma,Male,+918705816415,romilsethi@example.net,1951-02-15,Divorced
581,Nirvaan,Wason,Male,+913777946733,gmaster@example.org,1998-07-01,Single
582,Nirvaan,Shenoy,Female,+913974204897,rheachawla@example.org,1960-06-26,Married
583,Mishti,Bali,Male,+913462879102,karanpriyansh@example.org,1975-05-14,Single
584,Damini,Jha,Female,+914174993615,anyadesai@example.com,1974-09-19,Married
585,Shalv,Amble,Male,+913730276564,ukadakia@example.net,2000-04-27,Divorced
586,Arhaan,Majumdar,Male,+917370500138,nbarman@example.org,1952-12-22,Single
587,Ivan,Loke,Female,+910223458943,somannavya@example.net,1992-05-27,Divorced
588,Ojas,Mangat,Male,+912621759689,wratti@example.org,2002-02-01,Divorced
589,Ojas,Barad,Male,+913196566803,anyasachdeva@example.net,1952-12-28,Single
590,Dhanush,Chatterjee,Male,+917170924804,mangalamira@example.org,1961-05-18,Divorced
591,Zeeshan,Bal,Male,+915591424225,fdalia@example.net,2000-09-14,Divorced
592,Madhup,Kalla,Male,+917852823275,ramakrishnanvritika@example.net,1941-12-01,Single
593,Miraan,Varty,Female,+910490503857,ykarpe@example.org,1964-08-21,Divorced
594,Anika,Contractor,Female,+915743343373,aarav63@example.net,2013-04-05,Married
595,Romil,Keer,Female,+917632239272,sethikashvi@example.com,1923-06-04,Married
596,Ishaan,Sahota,Male,+912450799343,ela96@example.com,1993-02-12,Divorced
597,Urvi,Chand,Female,+913971763467,tara48@example.com,1944-11-10,Married
598,Lagan,Lanka,Male,+916162716022,senguptadhruv@example.org,1952-12-12,Divorced
599,Gatik,Chana,Female,+916611083757,reyansh97@example.com,1919-12-21,Married
600,Neelofar,Dave,Female,+918729908817,psane@example.org,1950-10-16,Married
601,Divyansh,Lanka,Female,+912292586770,udin@example.net,1971-03-24,Married
602,Madhav,Dora,Male,+913016852890,suhana79@example.com,1951-06-18,Single
603,Kiaan,Mahajan,Female,+913911340555,elakshiissac@example.org,1929-05-25,Divorced
604,Shalv,Sha,Female,+913612374509,kiaansankaran@example.net,1916-08-18,Divorced
605,Neelofar,Chand,Male,+912782894468,kantvanya@example.org,2022-08-11,Single
606,Vanya,Sood,Male,+915576039324,dsavant@example.org,1996-01-20,Single
607,Indranil,Chada,Female,+919533359047,neelofar44@example.com,1936-07-03,Single
608,Charvi,Chandran,Female,+911876057220,sharafira@example.net,1953-09-07,Married
609,"Ahana ",Solanki,Female,+919757338575,faiyaz58@example.com,1941-07-30,Divorced
610,Drishya,Deshpande,Female,+916652062207,esule@example.net,1936-03-24,Married
611,Adah,Doshi,Male,+914073199561,shethstuvan@example.net,2013-11-22,Single
612,Keya,Taneja,Male,+912620873680,jchaudhry@example.net,1964-07-29,Single
613,Keya,Lalla,Male,+917791792884,srinivasaneva@example.net,1969-10-17,Divorced
614,Pihu,Lala,Female,+911816140503,diya30@example.com,1929-10-23,Single
615,Mishti,Kalla,Female,+912784223643,oorja90@example.com,2016-06-18,Single
616,Hansh,Ganguly,Female,+918900879259,mbiswas@example.net,1961-12-26,Divorced
617,Shray,Bhasin,Female,+919210445409,vedika04@example.net,1921-01-15,Married
618,Onkar,Borah,Female,+918656000436,nsethi@example.com,1945-09-14,Single
619,Tarini,Srinivasan,Male,+912313851847,nakul96@example.com,2021-05-09,Single
620,Kiaan,Sharaf,Female,+911150507054,shuklazain@example.net,2022-03-19,Divorced
621,Jivika,Dua,Female,+914454763263,jagrawal@example.org,1992-11-22,Married
622,Trisha,Solanki,Male,+912390288333,sankaryuvraj@example.com,2017-03-25,Married
623,"Inaaya ",Choudhury,Male,+918819336706,zeeshankoshy@example.org,1958-08-28,Divorced
624,Jhanvi,Sidhu,Male,+911119576840,chiragwarrior@example.net,1997-07-22,Single
625,Baiju,Manda,Female,+912320117937,ztripathi@example.net,1916-05-04,Divorced
626,Sahil,Yogi,Female,+912038585248,saranindrajit@example.com,2002-09-15,Divorced
627,Uthkarsh,Karan,Female,+918685271325,bansalchirag@example.net,1924-04-17,Single
628,Yakshit,Gade,Male,+915352888587,stalwar@example.net,1924-08-02,Married
629,Raghav,Bhalla,Female,+916633444421,nirvi02@example.org,1950-11-17,Divorced
630,Anya,Goel,Male,+914003555397,nayantara44@example.net,2017-10-24,Married
631,Romil,Bumb,Female,+914252811515,vritikadyal@example.net,1954-07-10,Single
632,Aarav,Karnik,Male,+917342133968,rbobal@example.net,1944-03-22,Married
633,Kiara,Madan,Male,+914057928683,rattamehul@example.com,1955-02-04,Single
634,Devansh,Sani,Male,+915791694868,ybarad@example.com,1952-03-02,Married
635,Priyansh,Ganesh,Male,+919643564345,vardaniyamander@example.com,1975-08-20,Married
636,Bhavin,Agarwal,Male,+911713234227,twadhwa@example.org,1951-07-20,Married
637,Hunar,Kala,Male,+910443459057,ramanathanhridaan@example.org,1995-10-02,Single
638,Ira,Dhingra,Male,+918324994318,saraben@example.net,2021-04-05,Single
639,Armaan,Chhabra,Female,+919719639228,indranilchatterjee@example.net,1993-03-28,Divorced
640,Nitara,Mann,Male,+910888410187,swable@example.com,2013-12-23,Married
641,Akarsh,Dara,Male,+917722098954,nirvaansaxena@example.org,2014-08-04,Divorced
642,Anahi,Bassi,Female,+910713718751,amanisom@example.org,1996-02-23,Single
643,Kanav,Borah,Male,+911382099601,talwarojas@example.org,2002-11-28,Single
644,Shaan,Sampath,Female,+911219876857,vkara@example.com,1922-10-04,Divorced
645,Lakshit,Sundaram,Female,+914642156866,miraan55@example.org,1936-05-10,Single
646,Urvi,Yohannan,Male,+914731176191,darshit95@example.com,1922-02-28,Married
647,Samar,Chadha,Female,+913799489470,aayush91@example.org,2006-02-27,Divorced
648,Kashvi,Dhaliwal,Male,+915017941601,keeryuvaan@example.org,1918-05-06,Single
649,Fateh,Mangat,Female,+915105609207,basakemir@example.com,2011-11-12,Married
650,Kashvi,Chokshi,Male,+919277287006,ikaur@example.net,1976-05-12,Married
651,Arhaan,Jha,Male,+914226229036,hcheema@example.org,1995-02-08,Divorced
652,Trisha,Rau,Female,+919505266843,chopraoorja@example.net,1957-03-26,Single
653,Kavya,Saran,Female,+913871465441,vermaalisha@example.net,1916-05-30,Single
654,Uthkarsh,Rajagopal,Female,+912764217421,yasminbhardwaj@example.net,1976-01-15,Single
655,Piya,Subramaniam,Male,+918832477005,boratiya@example.com,2022-02-04,Married
656,Tarini,Tara,Male,+911189393021,bjani@example.net,1980-11-05,Divorced
657,Drishya,Deshmukh,Male,+911278762769,kbhat@example.net,1992-09-01,Single
658,Yuvaan,Chada,Male,+913359765332,riyabarman@example.net,1940-03-08,Single
659,Drishya,Sethi,Male,+918924148324,riyasrinivas@example.com,1979-02-16,Married
660,Jayant,Lal,Female,+914216604054,sahil08@example.net,1955-09-22,Divorced
661,Divyansh,Sachdeva,Female,+911280015381,ranganathankartik@example.com,2017-12-09,Divorced
662,Divit,Bali,Male,+917784187903,parinaaz78@example.org,1968-09-12,Single
663,Mehul,Khatri,Female,+915109204572,kiaanmand@example.net,1995-05-10,Married
664,Anya,Suresh,Male,+913900601335,kismatloyal@example.net,1980-06-22,Divorced
665,Divij,Gill,Female,+911456355479,ramanahi@example.net,1911-05-06,Divorced
666,Lagan,Master,Male,+919564691630,gchandra@example.com,2014-02-18,Single
667,Yasmin,Virk,Female,+915216161064,qbadal@example.org,1908-05-13,Married
668,Eshani,Devi,Male,+911116460565,reyanshbuch@example.net,1919-02-04,Divorced
669,Saira,Ben,Male,+915742175932,manikya55@example.net,2011-01-16,Married
670,Shamik,Devi,Female,+916371134759,vsrinivas@example.org,1924-07-29,Married
671,Zaina,Rout,Male,+915320819335,wallamanikya@example.net,2001-07-08,Divorced
672,Badal,Badal,Male,+913519971228,omandal@example.net,1954-11-23,Single
673,Tanya,Roy,Male,+917056440026,ranbir70@example.net,1994-02-21,Married
674,Pari,Seth,Female,+918350760947,indrajitzachariah@example.com,1943-09-04,Single
675,Pari,Barman,Male,+919738678697,magaradah@example.com,2020-06-08,Divorced
676,Bhavin,Madan,Male,+919572612998,neysa03@example.com,2002-10-16,Married
677,Zeeshan,Venkataraman,Female,+917047470822,kakarmehul@example.org,1998-12-31,Married
678,Romil,Mander,Male,+913349848549,elakshi21@example.net,1917-05-30,Divorced
679,Riaan,Zachariah,Male,+910336530583,chaudhryjivika@example.com,1923-05-29,Married
680,Diya,Dey,Female,+914486465799,hdara@example.org,1941-03-12,Married
681,Anika,Brar,Female,+913511894910,tiyasandal@example.com,2012-11-27,Single
682,Advika,Shah,Male,+911255132281,tswaminathan@example.com,1932-04-25,Single
683,Heer,Vyas,Male,+910679693635,saharaunak@example.com,1942-05-18,Divorced
684,Miraan,Jhaveri,Female,+917027592768,tiyavarty@example.com,1928-04-10,Married
685,Neysa,Saran,Male,+914432112205,suhana21@example.net,1919-11-15,Divorced
686,Aarna,Zachariah,Female,+916790570213,babuoorja@example.net,1909-06-21,Married
687,Diya,Mander,Male,+915314253210,lakshay21@example.com,1984-06-18,Divorced
688,Gatik,Upadhyay,Male,+910545081014,priyanshdeol@example.org,2015-08-15,Married
689,Nirvi,Keer,Male,+917195912995,manjarichakrabarti@example.org,2014-06-10,Divorced
690,Kartik,Kale,Male,+914074609438,hbath@example.org,1909-02-09,Married
691,Rania,Dubey,Male,+910237219083,samairaanand@example.org,1938-01-27,Single
692,Samiha,Dewan,Female,+919404859237,hanshtaneja@example.org,1935-07-26,Married
693,Rasha,Desai,Male,+918696909541,bganguly@example.net,1993-09-26,Divorced
694,Abram,Raju,Male,+919232413037,yuvraj-kuruvilla@example.com,1957-01-05,Single
695,Yashvi,Yohannan,Male,+915385021956,mehulbatta@example.org,1971-03-06,Divorced
696,Kimaya,Mahajan,Male,+916320251603,echadha@example.com,1918-05-27,Single
697,Rati,Dhar,Male,+917327194306,tiya70@example.org,1974-06-11,Married
698,Gatik,Sidhu,Female,+912733646418,priyansh53@example.net,1910-08-21,Divorced
699,Nirvaan,Bansal,Male,+919766912735,vanya70@example.net,2020-08-30,Divorced
700,Mahika,Vohra,Male,+915894722050,vsaraf@example.org,1921-06-19,Divorced
701,Adira,Talwar,Female,+915087394243,oorja86@example.org,2006-06-06,Divorced
702,Mannat,Butala,Male,+910749216568,ikarpe@example.com,1917-01-24,Divorced
703,Riya,Wadhwa,Female,+915116749065,qkeer@example.net,1937-03-31,Divorced
704,Zain,Biswas,Female,+917794578115,iyervardaniya@example.net,1963-11-10,Divorced
705,Zara,Thakkar,Female,+914628519283,kavyalall@example.com,1995-01-04,Single
706,Sahil,Mander,Female,+915121984798,indrajitdhingra@example.com,1933-07-29,Divorced
707,Dhruv,Devi,Female,+917663202927,jsami@example.com,1910-10-28,Married
708,Jivin,Kant,Male,+914598392802,balisamiha@example.org,2014-06-18,Married
709,Hrishita,Keer,Female,+916255732841,yrandhawa@example.net,1946-05-31,Single
710,Anya,Gade,Male,+911152606679,gollaishita@example.net,1911-02-26,Single
711,Kaira,Dyal,Female,+919510903103,psamra@example.com,1911-01-03,Divorced
712,Baiju,Trivedi,Male,+912274790387,psarkar@example.net,1996-03-13,Single
713,Lavanya,Chaudhry,Male,+919602544963,shaankarpe@example.com,1943-06-08,Divorced
714,Yasmin,Halder,Male,+913457547182,prajan@example.com,1998-07-01,Married
715,Neysa,Keer,Male,+918880368591,devansh93@example.com,2010-06-01,Single
716,Arnav,Chaudhry,Female,+918415294333,mamootykota@example.org,1944-01-20,Divorced
717,Navya,Kale,Female,+917247954957,jayeshcontractor@example.net,1949-05-19,Divorced
718,Arhaan,Kari,Female,+916944630344,fwali@example.com,1935-05-20,Divorced
719,Trisha,Ratti,Female,+916700023597,mishawadhwa@example.org,1909-09-09,Single
720,Anika,Lall,Male,+915790029362,urvishah@example.com,1921-08-03,Divorced
721,Rohan,Wali,Female,+911272361986,anahita85@example.net,1921-09-13,Single
722,Reyansh,Sengupta,Female,+914685815292,anay33@example.com,1935-03-21,Divorced
723,Lagan,Shah,Female,+910257470400,sdugar@example.org,2006-05-12,Divorced
724,Aniruddh,Baria,Male,+910018200729,pihu40@example.net,2011-12-17,Married
725,Manjari,Khanna,Male,+919413608235,deoltaran@example.net,1949-01-31,Divorced
726,Kaira,Shenoy,Female,+917777313418,zwadhwa@example.net,1935-05-25,Divorced
727,Prisha,Venkataraman,Female,+919507353263,bumbvritika@example.net,1960-07-19,Divorced
728,Devansh,Sachdev,Female,+916075014635,aggarwalmyra@example.net,2019-06-20,Married
729,Jhanvi,Sood,Male,+918152992852,khushimannan@example.com,1909-06-19,Divorced
730,Miraan,Kapoor,Male,+914748881137,lakshayjani@example.net,1919-01-07,Divorced
731,Vidur,Sen,Male,+915901409269,inaaya-choudhury@example.net,2008-02-23,Single
732,Veer,Sanghvi,Male,+917899380473,ratidutta@example.com,1996-07-10,Divorced
733,Alisha,Mannan,Male,+915588858726,ivanbaria@example.org,2016-05-15,Single
734,Bhamini,Dora,Male,+912409109039,fkapur@example.org,1974-02-14,Married
735,Mehul,Chaudhry,Male,+917198865147,venkateshfateh@example.net,1931-01-06,Single
736,Samarth,Raval,Male,+914395833021,oupadhyay@example.net,1998-06-11,Divorced
737,Vivaan,Shanker,Female,+919694370100,ranbirdugar@example.net,2018-11-09,Single
738,"Ahana ",Talwar,Female,+914870536204,hmand@example.net,1950-11-28,Single
739,Kismat,Subramanian,Male,+919043577240,luthrazaina@example.net,1991-08-07,Single
740,Jiya,Cheema,Female,+911853930042,neelofarchawla@example.net,1918-05-29,Divorced
741,Advik,Sharma,Female,+918446055292,hunar44@example.net,1934-09-28,Divorced
742,Shayak,Sodhi,Male,+917671820364,shethkhushi@example.org,1992-03-30,Married
743,Anika,Dani,Male,+915991770832,behlmannat@example.com,1938-09-13,Single
744,Shamik,Halder,Female,+916321050953,mehulchowdhury@example.org,1971-07-16,Divorced
745,Yuvaan,Gera,Female,+912802099452,vivaan64@example.net,1996-05-23,Divorced
746,Vritika,Bhatia,Male,+919495101139,ivanakhatri@example.net,1927-06-16,Single
747,Reyansh,Keer,Female,+913326940287,hrishitakanda@example.org,1920-05-16,Married
748,Saksham,Khatri,Male,+919459005234,miraan45@example.com,1971-05-10,Married
749,Vanya,Vyas,Male,+911955581597,lankaanahita@example.net,1945-07-28,Married
750,Miraan,Dada,Male,+915311086444,drishya51@example.com,1958-11-25,Married
751,Ayesha,Sanghvi,Male,+914250986206,keerkaira@example.com,1980-01-11,Divorced
752,Anya,Mallick,Male,+916222429152,keyadevi@example.com,2004-03-05,Married
753,Zaina,Koshy,Female,+919491883068,purabmangat@example.net,1930-01-09,Single
754,Prisha,Sastry,Female,+919901493704,loyalumang@example.net,2016-07-06,Married
755,Ranbir,De,Female,+911944286283,pranay67@example.com,1941-03-17,Divorced
756,Shanaya,Karan,Male,+914404224145,rheasinha@example.com,1983-11-12,Divorced
757,Nirvi,Dani,Male,+912466962037,gswamy@example.net,1975-07-31,Married
758,Aarav,Verma,Female,+910142560564,kvora@example.net,1926-11-26,Divorced
759,Faiyaz,Shanker,Female,+916365364048,auroraindrans@example.net,1927-03-17,Married
760,Divij,Kaul,Male,+915113866054,tanya65@example.org,2019-01-29,Married
761,Neysa,Sant,Female,+915771786781,veerramaswamy@example.org,1965-02-23,Single
762,Ira,Dara,Female,+912946913348,luthradhanush@example.org,1925-05-30,Married
763,Saira,Balasubramanian,Female,+911843077922,kashvi01@example.com,1926-03-12,Single
764,Aradhya,Saran,Male,+914468708332,daminigera@example.com,1969-08-27,Divorced
765,Madhup,Wadhwa,Male,+917730530639,ahluwaliaarmaan@example.org,1925-03-02,Single
766,Manjari,Chahal,Male,+914227966892,ebahl@example.com,1954-03-20,Divorced
767,Mamooty,Kaur,Female,+914403470448,usarin@example.net,1941-12-31,Divorced
768,Indrajit,Dhawan,Male,+918307177180,tanyarandhawa@example.com,1950-06-17,Single
769,Siya,Grover,Female,+914203824344,armaan12@example.org,2023-10-31,Single
770,Tarini,Mahajan,Female,+913409890481,handavidur@example.com,1938-03-19,Divorced
771,Bhavin,Ahuja,Female,+913233000709,surhiran@example.org,1967-12-11,Divorced
772,Indranil,Saran,Female,+911500501975,sakshamdivan@example.com,1929-04-06,Single
773,Tarini,Srinivas,Female,+913925877035,arhaan70@example.net,2019-06-15,Single
774,Raunak,Chatterjee,Female,+916579222768,dugarshlok@example.net,1956-03-08,Single
775,Indrans,Borra,Male,+913172530643,vsankaran@example.net,1941-02-10,Married
776,Siya,Bajaj,Female,+913340588521,tatareyansh@example.net,1940-01-29,Single
777,Tushar,Baria,Female,+912443878000,benadah@example.com,1931-08-07,Single
778,Tejas,Amble,Female,+914418422429,dassnitya@example.org,1909-08-08,Single
779,Hansh,Loke,Female,+919384286363,taktanya@example.net,1914-11-11,Married
780,Dhruv,Saini,Male,+915373803102,pdara@example.com,1943-11-02,Divorced
781,Gokul,Yohannan,Male,+916723725702,chandervaibhav@example.org,1922-10-11,Single
782,Arhaan,Khare,Female,+912274946677,gangulyayesha@example.org,1936-08-15,Married
783,Taimur,Sridhar,Female,+911074781210,jhanvi55@example.com,1996-11-09,Single
784,Pari,Ramaswamy,Male,+914265708706,varkeyaradhya@example.org,1958-01-18,Single
785,Mahika,Toor,Male,+910207859022,ranamishti@example.net,1979-04-06,Single
786,Armaan,Saini,Female,+919007996730,anya22@example.net,2019-09-26,Divorced
787,Prerak,Dani,Male,+919291159558,sachdevtaran@example.net,1985-08-29,Single
788,Ivana,Ram,Male,+913488551955,yuvraj-54@example.com,1933-02-02,Single
789,Dishani,Doshi,Male,+917437372055,mvenkataraman@example.net,1982-12-15,Married
790,Bhamini,Bir,Female,+910217304802,aarnadin@example.org,2007-03-17,Divorced
791,Nirvaan,Uppal,Male,+919687533352,behlmiraya@example.net,1984-03-22,Divorced
792,Sahil,Sachdeva,Female,+912183219253,brahmbhattnakul@example.com,2019-07-22,Single
793,Neelofar,Rajagopal,Female,+918878486098,vidurbhalla@example.org,1948-10-03,Divorced
794,Indranil,Sura,Male,+914820755168,aainadash@example.net,1983-04-20,Single
795,Neysa,Kari,Male,+910716382371,yasminjayaraman@example.org,2001-03-27,Single
796,Biju,Yadav,Female,+912950406634,yuvaanshah@example.com,2011-06-20,Married
797,Hansh,Kurian,Male,+917408218945,butalaelakshi@example.net,1960-08-10,Single
798,Lagan,Bora,Male,+913009298054,mehulbawa@example.net,1994-07-22,Married
799,Madhup,Acharya,Female,+919012937781,raghav69@example.com,1963-12-24,Divorced
800,Aayush,Chandra,Male,+916949713796,mirayamalhotra@example.com,2001-04-28,Divorced
801,"Ahana ",Bains,Female,+917726891984,divyansh65@example.net,1970-11-01,Married
802,Tejas,Ratti,Female,+911903562109,vedika09@example.net,1953-06-11,Married
803,Vaibhav,Sawhney,Male,+915356816811,pgala@example.net,2009-02-09,Married
804,Priyansh,Chauhan,Female,+915216252948,saira77@example.net,1952-09-17,Divorced
805,Mishti,Kanda,Male,+919433868413,nirvi51@example.com,2010-05-26,Married
806,Aaina,Agarwal,Male,+913170798578,indrans20@example.com,2012-02-07,Single
807,Tanya,Hora,Male,+917968751938,chakrabartiaaryahi@example.net,1931-10-06,Married
808,Farhan,Lata,Male,+919559110648,evathakur@example.com,1965-07-29,Single
809,Raunak,Trivedi,Male,+912601954474,vidurkaran@example.com,1920-12-23,Single
810,Shalv,Sidhu,Male,+915337374341,gchhabra@example.org,1920-05-17,Married
811,Myra,Sama,Male,+914007824404,vyohannan@example.net,1954-06-13,Single
812,Taran,Shanker,Male,+911441016141,gsandal@example.net,1970-07-16,Single
813,Aarush,Ganesh,Female,+912450349245,kharereyansh@example.org,1978-01-05,Single
814,Baiju,Cheema,Male,+916976653302,drishya15@example.net,1990-09-05,Divorced
815,Jayant,Koshy,Male,+917232691098,beraheer@example.org,2015-08-12,Married
816,Yasmin,Rama,Female,+912496776120,shloksridhar@example.org,2019-06-07,Married
817,Gokul,Upadhyay,Female,+914575358309,fatehbrar@example.com,2019-06-02,Single
818,Biju,Talwar,Female,+914146448939,sastryrohan@example.net,1989-06-15,Single
819,Riaan,Balay,Female,+916575347643,mamootydhaliwal@example.org,1919-10-18,Single
820,Darshit,Raja,Female,+919095909401,kbarad@example.com,1945-03-17,Divorced
821,Alia,Gopal,Female,+913086320777,nborah@example.org,2005-02-22,Married
822,Vivaan,Sampath,Female,+916514151606,neysasaini@example.org,2012-08-01,Divorced
823,Tarini,Baria,Male,+914058779908,heermammen@example.net,1936-01-28,Divorced
824,Taran,Sengupta,Male,+916087962813,dishaniluthra@example.com,2016-06-13,Married
825,Indranil,Swamy,Female,+916336670374,renee23@example.com,2017-08-25,Divorced
826,Samaira,Sarin,Female,+910326950696,madhavrajagopalan@example.net,1917-12-26,Single
827,Zoya,Jani,Male,+917323510184,piyabalay@example.net,1988-02-27,Divorced
828,Renee,Kala,Male,+912246339232,psahota@example.org,2009-05-08,Single
829,Piya,Ganesh,Male,+914180125368,anikahari@example.net,1984-03-17,Single
830,Indranil,Ramesh,Male,+917502190522,indranilbhattacharyya@example.net,2021-03-15,Divorced
831,Aayush,Sampath,Female,+915291037351,nrajagopalan@example.org,1957-04-25,Married
832,Kashvi,Borra,Male,+914009602979,amani38@example.org,1919-03-31,Single
833,Azad,Majumdar,Female,+910988139113,armaan84@example.org,1912-03-21,Divorced
834,Kashvi,Golla,Male,+915720968621,bhallanakul@example.org,1966-10-16,Divorced
835,Ehsaan,Kalita,Male,+918874488649,vivaanverma@example.org,2004-02-22,Married
836,Anya,Sankaran,Female,+916411467951,arhaanroy@example.net,2005-11-13,Single
837,Rohan,Rama,Female,+918866690259,chaudharyaayush@example.net,1941-05-12,Single
838,Shray,Raval,Female,+911378126816,devansh43@example.com,2005-01-25,Single
839,Pari,Barad,Male,+916598603054,kiaragara@example.com,1966-06-27,Divorced
840,Chirag,Toor,Male,+916501359449,agarwalmyra@example.org,1975-07-10,Divorced
841,Mamooty,Seth,Male,+918441594501,ojaggi@example.com,1961-12-24,Divorced
842,Bhavin,Subramaniam,Male,+918278625549,vedika99@example.org,1996-03-23,Married
843,Zeeshan,Sanghvi,Male,+914850464806,kiara41@example.net,1935-09-04,Married
844,Farhan,Ramanathan,Female,+910442655198,ishita32@example.org,1985-04-19,Divorced
845,Hridaan,Deol,Female,+911066167271,chandranishith@example.net,1954-04-04,Divorced
846,Hridaan,Barad,Female,+913638179740,faiyaz32@example.com,1985-06-27,Married
847,Jiya,Arora,Female,+919643569231,iraray@example.net,1911-12-21,Divorced
848,Mishti,Divan,Female,+910065285288,gerashray@example.net,2004-05-18,Married
849,Anvi,Bhatia,Male,+911378125389,mamootychakrabarti@example.org,1988-09-07,Divorced
850,Parinaaz,Bose,Male,+912761061766,indranil23@example.com,1991-09-10,Married
851,Vaibhav,Krishnan,Male,+919674787235,zara81@example.net,1982-02-05,Divorced
852,Hridaan,Ramakrishnan,Male,+918341065421,trishasule@example.com,1924-07-24,Single
853,Ishita,Batta,Male,+918448427092,yborde@example.com,1911-02-06,Married
854,Abram,Roy,Female,+914327187011,dbhat@example.com,1919-05-06,Single
855,Aaryahi,Brar,Male,+912150526682,oluthra@example.org,1940-08-30,Divorced
856,Rohan,Sampath,Female,+910957520036,taranrandhawa@example.com,1925-08-10,Single
857,Tanya,Khurana,Male,+914967264624,ybehl@example.com,1928-04-11,Single
858,Purab,Chopra,Male,+917493527859,uthkarsh28@example.com,1975-12-25,Married
859,"Yuvraj ",Varghese,Male,+918546365092,sampathdharmajan@example.net,1984-11-19,Divorced
860,Advik,Edwin,Male,+912373609373,yuvraj-51@example.net,1966-01-08,Married
861,Dhanush,Behl,Male,+912594529225,zain47@example.net,2015-12-29,Single
862,Misha,Bhatti,Male,+916086930353,zdhar@example.org,1989-12-20,Divorced
863,Purab,Sehgal,Female,+918364839021,himmatsahni@example.org,1953-11-23,Married
864,Armaan,Garde,Female,+918598602535,nchaudry@example.org,1919-09-26,Married
865,Kimaya,Aurora,Female,+913156877678,ivankata@example.org,1941-02-20,Single
866,Darshit,Vasa,Female,+914588578628,kkibe@example.org,2021-06-09,Divorced
867,Fateh,Bedi,Male,+913554300377,ranbir99@example.net,2013-04-26,Divorced
868,Dhruv,Sura,Female,+910729969419,uppalshlok@example.org,1912-08-12,Married
869,Aarav,Sanghvi,Male,+918612780050,lagandeshpande@example.com,1970-02-01,Married
870,Kabir,Shenoy,Female,+914450990551,guhakimaya@example.com,2020-08-03,Single
871,Rasha,Hayer,Male,+913606242968,navya04@example.com,1992-11-08,Divorced
872,Vivaan,Trivedi,Male,+917856056702,ithakkar@example.net,1931-04-28,Married
873,Kismat,Shroff,Female,+912934983098,lavanya28@example.com,1920-08-30,Single
874,Dishani,Sen,Male,+914777707519,gdivan@example.org,1981-06-17,Married
875,Onkar,Lanka,Female,+916665668694,breddy@example.net,1942-01-23,Married
876,Tiya,Saini,Female,+914538819506,sahilgrover@example.com,1994-06-20,Married
877,Chirag,Shroff,Female,+913382166930,keeranahi@example.org,1972-07-12,Divorced
878,Anya,Doshi,Female,+913839989385,siya60@example.com,2011-11-01,Single
879,Amani,Chandran,Female,+916890870240,qdube@example.org,2012-06-22,Divorced
880,Tejas,Handa,Male,+916509161204,dugarnitya@example.org,1931-10-04,Divorced
881,Abram,Biswas,Female,+912902181624,dattashamik@example.org,1960-11-03,Single
882,Kiaan,Ramaswamy,Female,+910380339175,onkardugar@example.net,1969-08-05,Divorced
883,Prisha,Shetty,Female,+917227577793,erandhawa@example.net,1950-03-16,Single
884,Dishani,Samra,Female,+912972044867,solankiaaryahi@example.com,2008-01-01,Single
885,Priyansh,Kohli,Female,+914621331900,vsarma@example.com,1974-11-14,Divorced
886,Umang,Tara,Male,+914005005006,ivangolla@example.org,1924-03-14,Married
887,Nirvaan,Sankar,Male,+916984131680,vivaan18@example.com,1975-11-30,Single
888,Nishith,Zachariah,Male,+913592406238,charvi25@example.com,1998-03-04,Married
889,Mamooty,Bath,Female,+913780062935,lramachandran@example.net,2000-05-26,Married
890,Miraan,Loyal,Female,+911638574617,darshitrajagopalan@example.net,1937-10-12,Married
891,Madhav,Madan,Female,+914901445872,piyasinghal@example.com,2012-10-09,Married
892,Dishani,Khatri,Male,+910005078705,rchopra@example.com,1966-11-02,Single
893,Anya,Borra,Male,+914377039166,bhasinritvik@example.org,1927-11-04,Divorced
894,Dhruv,Goswami,Male,+910282217904,idhillon@example.org,2023-01-31,Divorced
895,Aaina,Kapur,Female,+917398677016,siya77@example.org,1971-08-31,Single
896,Zain,Sani,Male,+915758964223,obatra@example.net,1934-02-25,Married
897,Priyansh,Mangat,Male,+913047257984,fhayer@example.org,1993-12-20,Married
898,Mahika,Devan,Female,+918650597963,nakul67@example.com,1913-05-15,Single
899,Bhamini,Gill,Male,+911665406885,bjhaveri@example.com,1995-12-30,Single
900,Jhanvi,Suresh,Female,+916534786923,sumer77@example.net,1941-11-06,Married
901,Mannat,Dey,Male,+910069881834,elakshi90@example.net,1994-02-24,Divorced
902,Suhana,Mani,Male,+919040525886,khatriaaryahi@example.net,1986-12-04,Divorced
903,Aarush,Chaudhari,Female,+917153873924,dugalkabir@example.net,2001-04-12,Divorced
904,Ira,Dash,Male,+911857779505,lkhatri@example.net,1986-04-20,Divorced
905,Amani,Balakrishnan,Male,+913756061841,rswamy@example.com,2019-09-14,Married
906,Rasha,Venkatesh,Male,+916307044469,wrao@example.net,1977-09-03,Single
907,"Yuvraj ",Warrior,Male,+919376547564,ivanjohal@example.org,1965-05-04,Married
908,Tiya,Kamdar,Male,+912048294652,bhattacharyyafaiyaz@example.org,1999-01-16,Married
909,Jayant,Chana,Female,+910863883510,oorja50@example.net,2014-02-04,Divorced
910,Jivin,Sarkar,Male,+919681801313,bandigatik@example.net,2009-08-02,Single
911,Hansh,Dugar,Female,+919294510997,jivinchakraborty@example.org,1961-09-06,Married
912,Armaan,Gandhi,Female,+918760276381,zratta@example.org,1990-01-16,Single
913,Shaan,Jha,Male,+911595183747,pranay31@example.org,1999-08-10,Divorced
914,Nehmat,Gopal,Male,+914451399285,yasmin61@example.com,2008-04-15,Divorced
915,Taimur,Chanda,Female,+914772702801,kdeshmukh@example.net,1983-02-21,Single
916,Madhav,Andra,Female,+919501774485,warriormadhup@example.net,2012-02-08,Married
917,Zeeshan,Mahajan,Female,+915546490740,nirvi83@example.net,1967-03-03,Married
918,Pranay,Rau,Female,+914004616497,zaramahal@example.net,1933-06-07,Single
919,Lakshit,Boase,Female,+912842706619,darshitranganathan@example.org,2016-08-17,Divorced
920,Dharmajan,Kaur,Female,+917333193451,samaira82@example.net,1964-12-16,Married
921,Rasha,Hegde,Male,+915554634768,ayesha28@example.net,1996-07-08,Divorced
922,Kabir,Behl,Female,+910920748067,gokularya@example.com,1975-09-19,Married
923,Jhanvi,Sundaram,Female,+918550869245,arnavbora@example.org,1958-01-06,Married
924,Taran,Virk,Female,+917302628074,xmajumdar@example.org,1916-12-28,Divorced
925,Samaira,Shenoy,Female,+918403140181,khuranatejas@example.net,1984-02-18,Married
926,Mishti,Bhardwaj,Female,+918872992779,sahil27@example.com,1967-09-06,Married
927,Ranbir,Krishnan,Male,+913882328499,onkarbera@example.net,1923-12-20,Single
928,Purab,Doshi,Male,+915568580617,aliabajaj@example.com,2002-04-14,Divorced
929,Mamooty,Grewal,Male,+917658830790,chaudharyjhanvi@example.net,1964-12-24,Single
930,Manjari,Kale,Male,+910001716804,okalita@example.org,1942-09-07,Divorced
931,Vardaniya,Balakrishnan,Female,+914956617253,elanka@example.org,1966-03-04,Divorced
932,Ryan,Acharya,Female,+914031493710,romil61@example.net,1935-11-05,Divorced
933,Adah,Ramanathan,Female,+910095664549,lavanya18@example.net,1915-01-19,Divorced
934,Stuvan,Rastogi,Female,+914687984400,goelranbir@example.net,1964-12-17,Divorced
935,Seher,Sarma,Male,+911967516928,ramvaibhav@example.org,2007-04-19,Divorced
936,Rasha,Butala,Female,+914200995685,varkeynakul@example.com,1960-01-04,Married
937,Purab,Khatri,Male,+913435457587,kannanhimmat@example.com,2003-09-01,Married
938,Anika,Bhakta,Male,+918997985794,zgolla@example.com,1923-09-20,Divorced
939,Rasha,Shanker,Female,+910638382280,sharafhrishita@example.org,1962-12-21,Single
940,Fateh,Basak,Male,+918464855821,dubesahil@example.net,1928-10-01,Divorced
941,Lakshit,Sunder,Female,+918251854666,rrege@example.org,1984-07-14,Single
942,Saira,Babu,Male,+913398648672,mammenanya@example.com,1908-10-30,Married
943,Anaya,Chada,Female,+918315467098,zain49@example.net,1951-09-27,Single
944,Kismat,Banerjee,Male,+913678261519,ndeshmukh@example.org,2017-07-01,Single
945,Uthkarsh,Ramakrishnan,Male,+911893425754,pranay69@example.com,1938-05-30,Divorced
946,Nayantara,Kumer,Male,+911933107295,rajasumer@example.org,1998-07-01,Single
947,Damini,Krishnamurthy,Female,+914395345425,ckalita@example.com,1956-11-16,Single
948,Zoya,Sem,Female,+913142459251,shankarfateh@example.net,1955-09-29,Married
949,Kavya,Chaudhary,Male,+913717632816,amira32@example.net,1945-08-09,Married
950,Divij,Shenoy,Male,+911760595023,navyamangat@example.org,1983-05-28,Married
951,Anay,Rege,Female,+917093432828,aryaamani@example.com,1925-08-26,Divorced
952,Aarush,Bumb,Female,+919538493431,nkrishna@example.com,1939-08-29,Married
953,Vardaniya,Chhabra,Male,+910386986762,ritvik77@example.net,2005-08-23,Married
954,Prisha,Babu,Female,+917340183855,raunak83@example.com,1948-05-23,Married
955,Lavanya,Anand,Male,+916971573892,luthrarati@example.org,1927-07-27,Divorced
956,Jivin,Sandal,Male,+912847482781,saira71@example.com,2022-05-29,Divorced
957,Ranbir,Vora,Female,+913331563475,twali@example.net,1942-06-20,Married
958,Vidur,Kade,Male,+910745352988,aliachoudhry@example.org,1922-06-22,Divorced
959,Madhav,Kara,Female,+916307870053,ahana-61@example.org,1910-12-27,Single
960,Rania,Kata,Male,+910016746262,urvikota@example.com,1950-01-18,Divorced
961,Romil,Balan,Female,+918060242484,edutta@example.net,1957-09-22,Single
962,Kabir,Ahluwalia,Male,+915568919481,ugaba@example.net,1953-07-19,Single
963,Hrishita,Datta,Female,+912116998669,carora@example.org,1998-01-16,Divorced
964,Kartik,Walia,Female,+915083356063,hjani@example.org,1992-04-07,Married
965,Manikya,Ramesh,Female,+915826127036,sana43@example.com,1931-04-28,Single
966,Chirag,Comar,Male,+918199088454,sarkaryakshit@example.com,1967-12-08,Divorced
967,Tejas,Khurana,Female,+919064191551,ygupta@example.org,2006-10-28,Married
968,Baiju,Cheema,Female,+913612876564,kibenavya@example.com,1981-08-31,Married
969,Yakshit,Basu,Male,+916747508215,somtiya@example.net,1960-04-18,Divorced
970,Amira,Khare,Male,+917036041476,adah96@example.com,1977-05-26,Divorced
971,Urvi,Shukla,Female,+915650222147,thakernirvaan@example.com,1933-04-10,Single
972,Navya,Sidhu,Female,+918436170465,madannavya@example.org,1919-07-01,Divorced
973,Vaibhav,Dutt,Male,+911964233405,gbath@example.net,1955-03-22,Divorced
974,Bhavin,Varma,Female,+918784929529,indranil05@example.org,1914-02-22,Married
975,Onkar,Sood,Male,+913587807247,tandonsuhana@example.com,1992-11-09,Divorced
976,Krish,Bala,Male,+916505899330,jayaramanhansh@example.org,1946-07-11,Married
977,Baiju,Doctor,Female,+916348522762,vardaniyabains@example.org,2021-03-15,Married
978,Navya,Kakar,Female,+913850190734,toorshlok@example.com,1910-08-02,Divorced
979,Sana,Yohannan,Male,+917843562869,aarush22@example.com,1981-09-29,Divorced
980,Anika,Shroff,Female,+917114583101,warriortrisha@example.com,1996-07-10,Single
981,Purab,Kapur,Female,+912249364896,xsule@example.net,1960-07-20,Single
982,Prisha,Sibal,Male,+910258711034,sganesh@example.com,1931-05-27,Divorced
983,Misha,Jaggi,Male,+915695286054,ysekhon@example.net,2003-08-04,Married
984,Aniruddh,Mani,Male,+912847087668,ghoshbhavin@example.net,1947-04-17,Divorced
985,Faiyaz,Kalla,Male,+919641940730,ltata@example.com,2013-08-02,Divorced
986,Amira,Bhavsar,Male,+911219784165,bijusundaram@example.net,1950-05-10,Single
987,Hansh,Bath,Male,+910428134396,rhea71@example.org,1971-10-11,Single
988,Indrans,Sanghvi,Female,+910635817412,sibaldivij@example.org,1919-06-09,Divorced
989,Hunar,Rau,Male,+910694526093,gopaljiya@example.net,1946-03-27,Married
990,Eva,Verma,Female,+911228303925,inaaya-sachdeva@example.org,1934-01-03,Single
991,Ehsaan,Chawla,Female,+918923382194,himmat97@example.com,2018-05-30,Single
992,Urvi,Grover,Female,+919651277306,jivin46@example.net,1992-09-08,Married
993,Anika,Tara,Male,+916558441829,vaibhav50@example.com,1917-05-13,Divorced
994,Shamik,Ghose,Female,+913593343532,keya41@example.net,2006-11-29,Married
995,Kismat,Dhaliwal,Male,+913311054080,vedikasama@example.org,1919-09-19,Divorced
996,Kismat,Krish,Male,+912871367638,bhasinshayak@example.org,1953-11-13,Single
997,Onkar,Saraf,Female,+914135290831,wsheth@example.com,1914-07-25,Divorced
998,Jayesh,Garde,Male,+918430485106,devanehsaan@example.com,1984-10-14,Married
999,Jayant,Sane,Male,+913354224565,aarush59@example.com,1930-11-23,Single
1000,Yasmin,Kale,Female,+914348076618,riaanchada@example.com,1991-07-23,Divorced
